{"AP-1": [0.8117647058823529, 0.7372549019607844, 0.4549019607843137], "IRF/STAT": [0.1843137254901961, 0.5803921568627451, 0.49411764705882355], "NFkB": [0.7725490196078432, 0.37254901960784315, 0.5843137254901961], "C/EBP": [0.3215686274509804, 0.611764705882353, 0.7607843137254902], "ETS": [0.6901960784313725, 0.41568627450980394, 0.23529411764705882], "Other significant": [0.47843137254901963, 0.47843137254901963, 0.47843137254901963], "Other": [0.47843137254901963, 0.47843137254901963, 0.47843137254901963], "Insignificant": [0.8509803921568627, 0.8509803921568627, 0.8509803921568627]}
